Timestamp,Apakah lu pernah melakukan gym/strength training?  ,Sudah berapa lama lu melakukan gym/strength training?,Dalam seminggu biasanya berapa kali lu latihan,Apakah lu biasanya mengikuti workout routine/split tertentu?  ,"Kalau lu mengikuti routine, biasanya dari mana mendapatkannya?  ",Apakah lu mencatat workout yang dilakukan?,"Kalau mencatat, biasanya menggunakan apa?",Informasi apa yang biasanya lu catat?,Seberapa mudah menurut lu untuk mengetahui perkembangan performa latihan dari catatan yang sekarang lu gunakan?  ,Apa kesulitan yang pernah lu alami ketika mencatat atau memantau workout?  ,"Kalau menggunakan aplikasi untuk mencatat workout, fitur apa yang paling ingin elu gunakan?  ",Apa informasi tentang progress latihan yang paling ingin lu lihat?  ,"Bagi lu yang pernah menjadi pemula, apa yang paling membingungkan ketika pertama mulai gym?  "
17/09/2026 18:38:01,"Ya, tetapi tidak rutin",>2 tahun,3-4 kali,Ya,Buat sendiri,Selalu,Aplikasi fitness,"Exercise, Sets, Reps, Weight, Rest time",2,Kurang mengetahui kapan waktu yang tepat untuk Deload,"Mencatat exercise, sets, reps, dan weight, Melihat riwayat workout, Melihat progress/performa, Membuat workout routine/split, Personal record (PR) / achievement",Konsistensi dan Weight yang sudah diangkat ,Latihan apa dulu jadi coba semua alat 😝
17/09/2026 18:40:57,"Ya, tetapi tidak rutin",< 3 bulan,3-4 kali,Tidak tahu/kurang paham,Lainnya,Tidak pernah,Lainnya,Lainnya,3,Ga pernah mas,"Melihat riwayat workout, Melihat progress/performa, Rekomendasi workout untuk pemula, Personal record (PR) / achievement, Pengingat jadwal latihan","Ga kepikiran, paling ada yg ingetin aja deh",Gerakan yg bener sama brp reps
17/09/2026 18:43:27,"Ya, tetapi tidak rutin",3-12 bulan,3-4 kali,Tidak,Buat sendiri,Selalu,Aplikasi fitness,"Exercise, Sets, Reps",1,"Ga ada siu, paling kelupaan doang buat di done","Mencatat exercise, sets, reps, dan weight, Melihat riwayat workout, Melihat progress/performa, Membuat workout routine/split",Mungkin visualisasi 3d dari progres kita keknya asik sih,Konsistensi
17/09/2026 18:43:37,"Ya, tetapi tidak rutin",3-12 bulan,3-4 kali,Ya,Teman,Kadang-kadang,Aplikasi fitness,"Sets, Reps, Weight",4,,"Mencatat exercise, sets, reps, dan weight, Melihat riwayat workout, Melihat progress/performa, Rekomendasi workout untuk pemula",,
17/09/2026 18:51:27,"Ya, rutin",1-2 tahun,5-6 kali,Ya,Internet/social media,Tidak pernah,Lainnya,,5,Karena tidak mengingat sesi sebelumnya jadinya lupa,"Mencatat exercise, sets, reps, dan weight, Melihat riwayat workout, Melihat progress/performa, Membuat workout routine/split, Rekomendasi workout untuk pemula, Personal record (PR) / achievement, Pengingat jadwal latihan",Achievement gitu kayaknya asik sih biar semangat,Form gerakan yang benar 
17/09/2026 18:59:21,"Pernah, tetapi sudah tidak melakukan",< 3 bulan,5-6 kali,Ya,Internet/social media,Selalu,Aplikasi fitness,"Exercise, Sets, Reps, Weight",2,Gak,"Mencatat exercise, sets, reps, dan weight, Rekomendasi workout untuk pemula, Pengingat jadwal latihan",semacam data atau fitur dimana saya bisa membandingkan ukuran/diameter/width otot saya pada day 1 dengan otot saya pada day xx,Posisi/posture tubuh yang tepat
17/09/2026 19:19:51,"Ya, tetapi tidak rutin",>2 tahun,1-2 kali,Tidak,Buat sendiri,Selalu,Notes HP,"Exercise, Sets, Reps, Weight, Notes",4,Megang hape setiap waktu,"Mencatat exercise, sets, reps, dan weight, Melihat riwayat workout, Melihat progress/performa, Membuat workout routine/split, Personal record (PR) / achievement, Pengingat jadwal latihan",PR & volume ,Menemukan split termudah untuk melatih setiap bagian otot dengan waktu sesingkat-singkatnya 
17/09/2026 19:42:14,"Ya, rutin",>2 tahun,3-4 kali,Ya,Internet/social media,Selalu,Aplikasi fitness,"Exercise, Sets, Reps, Weight",3,Summary yang kurang kompleks,"Mencatat exercise, sets, reps, dan weight, Melihat riwayat workout, Melihat progress/performa, Membuat workout routine/split, Personal record (PR) / achievement","Summary dalam jangka waktu kita latihan, misal sebulan. Diberikan summary terkait workout kita.","Gerakan, Cara Melakukan exercise & Apa yang harus di lakukan terlebih dahulu."
17/09/2026 20:34:44,"Ya, tetapi tidak rutin",< 3 bulan,3-4 kali,Ya,Trainer,Tidak pernah,Lainnya,Lainnya,4,Kurang paham apa yg harus di catet,"Mencatat exercise, sets, reps, dan weight, Melihat riwayat workout, Melihat progress/performa, Membuat workout routine/split, Rekomendasi workout untuk pemula, Personal record (PR) / achievement, Pengingat jadwal latihan",Tidak ada,Ga tau harus mulai dari mana
17/09/2026 22:38:15,"Ya, tetapi tidak rutin",1-2 tahun,3-4 kali,Ya,Buat sendiri,Selalu,Aplikasi fitness,"Exercise, Sets, Reps, Weight, Rest time, Notes",4,Minder karena cmn bisa angkat beban ringan ,"Mencatat exercise, sets, reps, dan weight, Melihat riwayat workout, Melihat progress/performa, Membuat workout routine/split","mungkin bukan untuk progress latihan ya tpi lebih ke side yg lebih competitive, jdi idenya itu kita bisa bersaing sama orang lain secara real-time seperti push up arena tapi dengan berbagai exercise, dan yang dihitung itu volume (kg) beban yang diangkat dari semua reps. Tapi ada verification untuk jumlah beban yang dipakai biar ga curang"," Mungkin cara mengetahui jika form saya itu benar atau bagaimana. Kalo bisa mungkin kasih AI yang bisa detect posisi badan, lengan, dan kaki kita ketika kita lagi melakukan gerakan, lalu AInya bisa kasih masukan."
17/09/2026 22:52:55,"Ya, rutin",1-2 tahun,5-6 kali,Ya,Trainer,Selalu,Aplikasi fitness,"Exercise, Sets, Reps, Weight, Rest time, Notes",1,Kesulitan dengan kurang lengkapnya exercise yang ada pada aplikasi tersebut,"Mencatat exercise, sets, reps, dan weight, Melihat riwayat workout, Melihat progress/performa, Membuat workout routine/split, Rekomendasi workout untuk pemula, Personal record (PR) / achievement, Pengingat jadwal latihan",Perkembangan weights ,Menggunakan alat gym dengan form yang betul betul
18/09/2026 14:12:30,"Pernah, tetapi sudah tidak melakukan",1-2 tahun,3-4 kali,Ya,Lainnya,Selalu,Aplikasi fitness,"Exercise, Sets, Reps, Weight, Rest time, Notes",1,"Sejauh ini man, cuma beberapa aplikasi fitness biasanya harus selalu connect internet buat upload datanya.","Melihat progress/performa, Pengingat jadwal latihan",Komparasi dengan orang yang kita follow,Cara join orang AWKAWOAKWO